{
  "Abigail": 0.5771812080536913,
  "Abyssal Yufine": 0.4808314087759815,
  "Achates": 0.6666666666666666,
  "Adlay": 1.0,
  "Adventurer Ras": 0.5663265306122449,
  "Afternoon Soak Flan": 0.49228594982923096,
  "Ainos 2.0": 0.5,
  "Ains": 1.0,
  "Ainz Ooal Gown": 0.8333333333333334,
  "Aither": 1.0,
  "Albedo": 0.5,
  "Alencia": 0.6355140186915887,
  "All-Rounder Wanda": 0.5,
  "Ambitious Tywin": 0.5010845986984815,
  "Amid": 0.4925582701488346,
  "Amiki": 1.0,
  "Angel of Light Angelica": 0.5546875,
  "Angelic Montmorancy": 1.0,
  "Angelica": 1.0,
  "Apocalypse Ravi": 0.5133513351335134,
  "Aram": 0.5130718954248366,
  "Aramintha": 0.7666666666666667,
  "Arbiter Vildred": 0.5440613026819924,
  "Archdemon's Shadow": 0.5928571428571429,
  "Architect Laika": 0.5164113785557987,
  "Argent Waves Hwayoung": 0.5206327372764786,
  "Aria": 0.5483870967741935,
  "Armin": 0.55,
  "Arowell": 0.5,
  "Arunka": 0.625,
  "Assassin Cartuja": 0.6263736263736264,
  "Assassin Cidd": 0.782608695652174,
  "Assassin Coli": 0.0,
  "Astromancer Elena": 0.5512820512820513,
  "Auxiliary Lots": 0.7272727272727273,
  "Azalea": 0.0,
  "Bad Cat Armin": 0.8,
  "Basar": 0.7142857142857143,
  "Bask": 1.0,
  "Beehoo": 0.6090909090909091,
  "Belian": 0.4711969644705071,
  "Benevolent Romann": 0.575,
  "Benimaru": 0.5308641975308642,
  "Bernard": 0.5,
  "Birgitta": 0.8333333333333334,
  "Blaze Dingo": 1.0,
  "Blood Blade Karin": 0.5509761388286334,
  "Blood Moon Haste": 0.5083333333333333,
  "Blooming Lidica": 0.5779376498800959,
  "Bomb Model Kanna": 1.0,
  "Boss Arunka": 0.48812256946071314,
  "Briar Witch Iseria": 0.5,
  "Brieg": 0.7647058823529411,
  "Butcher Corps Inquisitor": 1.0,
  "Byblis": 0.4557823129251701,
  "Bystander Hwayoung": 0.53485392106612,
  "Camilla": 1.0,
  "Carmainerose": 1.0,
  "Cecilia": 1.0,
  "Celeste": 0.6206896551724138,
  "Celestial Mercedes": 1.0,
  "Celine": 0.592443729903537,
  "Cerise": 0.6,
  "Cermia": 1.0,
  "Challenger Dominiel": 0.7777777777777778,
  "Champion Zerato": 0.5555555555555556,
  "Chaos Inquisitor": 1.0,
  "Chaos Sect Axe": 0.5,
  "Charles": 0.8666666666666667,
  "Charlotte": 1.0,
  "Chloe": 1.0,
  "Choux": 0.5384615384615384,
  "Christy": 0.8,
  "Cidd": 0.5421455938697318,
  "Closer Charles": 0.5726495726495726,
  "Command Model Laika": 0.5629139072847682,
  "Commander Lorina": 0.5902777777777778,
  "Commander Pavel": 0.503015681544029,
  "Conqueror Lilias": 0.5095090667846086,
  "Crescent Moon Rin": 1.0,
  "Crimson Armin": 0.48082901554404145,
  "Dark Corvus": 0.5769230769230769,
  "Death Dealer Ray": 0.5112717992343684,
  "Desert Jewel Basar": 0.46954314720812185,
  "Designer Lilibet": 0.5086294416243655,
  "Destina": 0.49226006191950467,
  "Diene": 0.5793269230769231,
  "Disciplinary Prefect Aria": 0.4818920916481892,
  "Dominiel": 0.6,
  "Doris": 0.5,
  "Dragon Bride Senya": 0.5383211678832117,
  "Dragon King Sharun": 0.498567335243553,
  "Eaton": 0.5,
  "Eda": 0.5846153846153846,
  "Edward Elric": 0.5402597402597402,
  "Elena": 0.5374449339207048,
  "Eligos": 0.6717325227963525,
  "Elphelt": 1.0,
  "Elvira": 0.5227272727272727,
  "Emilia": 0.5882352941176471,
  "Empyrean Ilynav": 0.5107089382201679,
  "Ervalen": 0.4,
  "Eternal Wanderer Ludwig": 0.5183512140033879,
  "Ezra": 0.25,
  "Fairytale Tenebria": 0.7636363636363637,
  "Faithless Lidica": 0.4670846394984326,
  "Falconer Kluri": 0.625,
  "Fallen Cecilia": 0.4754578063054559,
  "Fenne": 0.5757575757575758,
  "Fenris": 0.7,
  "Fern": 0.5407821229050279,
  "Festive Eda": 0.5168539325842697,
  "Fighter Maya": 0.0,
  "Flan": 0.5625,
  "Free Spirit Tieria": 0.0,
  "Frida": 0.6363636363636364,
  "Frieren": 0.45924362793776896,
  "Fumyr": 0.49015317286652077,
  "General Purrgis": 0.4375,
  "Genesis Ras": 0.49006499535747444,
  "Gloomyrain": 0.16666666666666666,
  "Godmother": 1.0,
  "Guard Captain Krau": 0.5397923875432526,
  "Gunther": 0.6,
  "Harsetti": 0.48619681714842483,
  "Hasol": 0.6666666666666666,
  "Haste": 1.0,
  "Hataan": 0.6666666666666666,
  "Hecate": 0.6522842639593909,
  "Hellion Lua": 0.47191011235955055,
  "Holiday Yufine": 0.47770700636942676,
  "Hurado": 0.0,
  "Hwayoung": 0.5422885572139303,
  "Ian": 0.0,
  "Ilynav": 0.8571428571428571,
  "Immortal Wukong": 0.47619047619047616,
  "Inferno Khawazu": 0.5754716981132075,
  "Infinite Horizon Achates": 0.5126582278481012,
  "Inheritor Amiki": 0.5048543689320388,
  "Iseria": 0.6666666666666666,
  "Jack-O": 0.5919003115264797,
  "Jecht": 1.0,
  "Jenua": 0.48778785764131194,
  "Judge Kise": 0.5527950310559007,
  "Judith": 0.5,
  "Juni": 0.0,
  "Kane": 0.75,
  "Kawerik": 0.6206896551724138,
  "Kayron": 0.6524822695035462,
  "Ken": 1.0,
  "Khawana": 1.0,
  "Kiris": 1.0,
  "Kise": 0.6496815286624203,
  "Kitty Clarissa": 1.0,
  "Kizuna AI": 1.0,
  "Kluri": 1.0,
  "Krau": 0.5277777777777778,
  "Lady of the Scales": 0.4359733530717987,
  "Laia": 0.4974012474012474,
  "Landy": 0.49476439790575916,
  "Last Piece Karin": 0.47058823529411764,
  "Last Rider Krau": 0.5098331346841478,
  "Leah": 0.0,
  "Lethe": 0.5845070422535211,
  "Lidica": 0.506079027355623,
  "Lilias": 0.5397727272727273,
  "Lilibet": 0.5703125,
  "Lilka": 1.0,
  "Lionheart Cermia": 0.5119697606047879,
  "Little Queen Charlotte": 0.5161290322580645,
  "Lone Crescent Bellona": 0.468503937007874,
  "Lone Wolf Peira": 0.5101536288186473,
  "Lorina": 0.0,
  "Lots": 1.0,
  "Lua": 0.5796178343949044,
  "Lucy": 1.0,
  "Ludwig": 0.65,
  "Luna": 1.0,
  "Magic Scholar Doris": 1.0,
  "Maid Chloe": 0.5045831751369528,
  "Martial Artist Ken": 0.518840579710145,
  "Mascot Hazel": 0.0,
  "Mediator Kawerik": 0.5361990950226244,
  "Melany": 1.0,
  "Melissa": 0.609375,
  "Mercedes": 0.5714285714285714,
  "Mercenary Helga": 1.0,
  "Midnight Gala Lilias": 0.49269311064718163,
  "Mighty Scout": 1.0,
  "Milim": 0.6120689655172413,
  "Mirsa": 1.0,
  "Mistychain": 1.0,
  "Moon Bunny Dominiel": 0.5574288724973656,
  "Mort": 0.4935064935064935,
  "Mucacha": 0.0,
  "Muwi": 0.0,
  "Nahkwol": 0.5866050808314087,
  "Navy Captain Landy": 0.5245189323401613,
  "New Kid Adin": 0.5417981072555205,
  "New Moon Luna": 0.5127252867285637,
  "Ocean Breeze Luluca": 0.5148601398601399,
  "Operator Sigret": 0.5333333333333333,
  "Orte": 0.1,
  "Pavel": 0.43333333333333335,
  "Peacemaker Furious": 0.5833333333333334,
  "Pearlhorizon": 1.0,
  "Peira": 0.5573770491803278,
  "Penelope": 1.0,
  "Pernilla": 1.0,
  "Pirate Captain Flan": 0.5922330097087378,
  "Politis": 0.5013245033112583,
  "Ragnvald": 0.0,
  "Ram": 0.875,
  "Ran": 0.5803011292346298,
  "Ravi": 0.7692307692307693,
  "Ray": 1.0,
  "Rem": 0.6086956521739131,
  "Remnant Violet": 0.6304347826086957,
  "Requiem Roana": 0.5724137931034483,
  "Requiemroar": 1.0,
  "Researcher Carrot": 0.52,
  "Revna": 1.0,
  "Rikoris": 1.0,
  "Rima": 0.5,
  "Rimuru": 0.471875,
  "Rinak": 0.5258147713950762,
  "Roaming Warrior Leo": 1.0,
  "Roana": 0.5188679245283019,
  "Robin": 0.603448275862069,
  "Roozid": 0.0,
  "Roy Mustang": 0.65,
  "Ruele of Light": 0.45073494547178755,
  "Sage Baal & Sezan": 0.5048701298701299,
  "Saria": 0.5635696821515892,
  "Savior Adin": 0.5192307692307693,
  "Schniel": 0.47607655502392343,
  "School Nurse Yulha": 0.44293437453071033,
  "Schuri": 0.46357615894039733,
  "Sea Phantom Politis": 0.4831427733802404,
  "Sealed Eye Surin": 0.5433070866141733,
  "Seaside Bellona": 0.6028368794326241,
  "Senya": 0.5,
  "Setsuka": 0.46903368973169257,
  "Sez": 0.5203619909502263,
  "Shadow Knight Pyllis": 0.43548387096774194,
  "Shalltear": 0.6451612903225806,
  "Sharun": 0.6067415730337079,
  "Shepherd Jena": 1.0,
  "Shooting Star Achates": 1.0,
  "Shuna": 0.45454545454545453,
  "Sigret": 1.0,
  "Silk": 1.0,
  "Silver Blade Aramintha": 0.503582395087001,
  "Silvertide Christy": 0.5151315789473684,
  "Sinful Angelica": 0.5455531453362256,
  "Sol": 1.0,
  "Solitaria of the Snow": 0.4590846047156727,
  "Specimen Sez": 0.5454545454545454,
  "Specter Tenebria": 0.5302197802197802,
  "Spirit Eye Celine": 0.515195616813629,