{
  "Frieren": 0.4676470588235294,
  "Boss Arunka": 0.41298374613003097,
  "Rinak": 0.4126354489164087,
  "Belian": 0.39266640866873065,
  "Maid Chloe": 0.3567530959752322,
  "Genesis Ras": 0.31259674922600617,
  "Empyrean Ilynav": 0.2972329721362229,
  "Setsuka": 0.2877515479876161,
  "School Nurse Yulha": 0.2577012383900929,
  "Bystander Hwayoung": 0.2265092879256966,
  "Spirit Eye Celine": 0.22602554179566564,
  "Zio": 0.20870743034055728,
  "Amid": 0.2067143962848297,
  "Fallen Cecilia": 0.2049922600619195,
  "Ruele of Light": 0.20404411764705882,
  "Witch of the Mere Tenebria": 0.18771284829721363,
  "New Moon Luna": 0.17714783281733745,
  "Afternoon Soak Flan": 0.16429953560371516,
  "Lady of the Scales": 0.1568498452012384,
  "Lionheart Cermia": 0.13821594427244582,
  "Briar Witch Iseria": 0.1361842105263158,
  "Harsetti": 0.11915634674922601,
  "Festive Eda": 0.11021671826625387,
  "Lone Wolf Peira": 0.10957817337461301,
  "Urban Shadow Choux": 0.09910990712074304,
  "Swift Flagbearer Sigret": 0.0969233746130031,
  "Death Dealer Ray": 0.09098297213622292,
  "Conqueror Lilias": 0.0875,
  "Abyssal Yufine": 0.08378482972136223,
  "Sea Phantom Politis": 0.06600232198142415,
  "Last Rider Krau": 0.06493808049535604,
  "Apocalypse Ravi": 0.06449303405572755,
  "Aram": 0.053289473684210525,
  "Straze": 0.04636222910216718,
  "Infinite Horizon Achates": 0.04585913312693499,
  "Yulha": 0.04489164086687306,
  "Twisted Eidolon Kayron": 0.03848684210526316,
  "Crimson Armin": 0.037345201238390094,
  "Laia": 0.037229102167182664,
  "Eternal Wanderer Ludwig": 0.03426857585139319,
  "Navy Captain Landy": 0.031172600619195048,
  "Ran": 0.030843653250773994,
  "Hecate": 0.030495356037151703,
  "Silvertide Christy": 0.029411764705882353,
  "Politis": 0.02921826625386997,
  "Argent Waves Hwayoung": 0.02813467492260062,
  "Solitaria of the Snow": 0.02790247678018576,
  "Jenua": 0.027728328173374613,
  "Dragon King Sharun": 0.027012383900928794,
  "Blood Blade Karin": 0.026760835913312693,
  "Disciplinary Prefect Aria": 0.02618034055727554,
  "Mort": 0.02532894736842105,
  "Successor Taeyou": 0.024922600619195046,
  "New Kid Adin": 0.02453560371517028,
  "Celine": 0.024071207430340556,
  "Inheritor Amiki": 0.02391640866873065,
  "Sage Baal & Sezan": 0.023839009287925695,
  "Vildred": 0.02354876160990712,
  "Ocean Breeze Luluca": 0.02213622291021672,
  "Young Senya": 0.021478328173374615,
  "Designer Lilibet": 0.019059597523219816,
  "Silver Blade Aramintha": 0.018904798761609908,
  "Moon Bunny Dominiel": 0.01836300309597523,
  "Sinful Angelica": 0.017840557275541794,
  "Fern": 0.017318111455108358,
  "Mediator Kawerik": 0.017105263157894738,
  "Sylvan Sage Vivian": 0.01695046439628483,
  "Requiem Roana": 0.0168343653250774,
  "Commander Pavel": 0.016041021671826625,
  "Saria": 0.015828173374613005,
  "Hellion Lua": 0.015499226006191951,
  "Savior Adin": 0.015092879256965945,
  "Westwind Executioner Schuri": 0.014493034055727555,
  "Unbound Knight Arowell": 0.014028637770897833,
  "Veronica": 0.013235294117647059,
  "Elena": 0.013177244582043343,
  "Lidica": 0.012732198142414861,
  "Little Queen Charlotte": 0.011397058823529411,
  "Tori": 0.01070046439628483,
  "Dragon Bride Senya": 0.010603715170278638,
  "Cidd": 0.010100619195046439,
  "Lone Crescent Bellona": 0.009829721362229102,
  "Operator Sigret": 0.009578173374613003,
  "Midnight Gala Lilias": 0.00926857585139319,
  "Ambitious Tywin": 0.008920278637770897,
  "Architect Laika": 0.008842879256965945,
  "Fumyr": 0.008842879256965945,
  "Wanderer Silk": 0.008475232198142415,
  "Nahkwol": 0.008378482972136224,
  "Archdemon's Shadow": 0.008126934984520124,
  "Schniel": 0.008088235294117648,
  "Blooming Lidica": 0.008068885448916409,
  "Diene": 0.00804953560371517,
  "Pirate Captain Flan": 0.007972136222910218,
  "Desert Jewel Basar": 0.007623839009287926,
  "Edward Elric": 0.00744969040247678,
  "Angel of Light Angelica": 0.007430340557275541,
  "Landy": 0.007391640866873065,
  "Specter Tenebria": 0.007043343653250774,
  "Elvira": 0.006811145510835914,
  "ae-KARINA": 0.006753095975232199,
  "Martial Artist Ken": 0.0066756965944272445,
  "Eligos": 0.006366099071207431,
  "Summertime Iseria": 0.0062886996904024765,
  "Destina": 0.00625,
  "Jack-O": 0.006211300309597523,
  "Rimuru": 0.006191950464396285,
  "Faithless Lidica": 0.006172600619195046,
  "Lua": 0.006075851393188855,
  "Top Model Luluca": 0.0059210526315789476,
  "Schuri": 0.0058436532507739935,
  "Abigail": 0.00576625386996904,
  "Byblis": 0.005688854489164087,
  "Guard Captain Krau": 0.005592105263157895,
  "Arbiter Vildred": 0.0050503095975232195,
  "Blood Moon Haste": 0.0046439628482972135,
  "Remnant Violet": 0.00445046439628483,
  "Sez": 0.0042763157894736845,
  "Roana": 0.004102167182662539,
  "Hwayoung": 0.0038893188854489166,
  "Frida": 0.0038312693498452014,
  "Specimen Sez": 0.0038312693498452014,
  "Adventurer Ras": 0.0037925696594427244,
  "Wretched Rose": 0.00348297213622291,
  "Lilias": 0.003405572755417957,
  "Watcher Schuri": 0.003289473684210526,
  "Judge Kise": 0.0031153250773993807,
  "Holiday Yufine": 0.0030379256965944275,
  "Kise": 0.0030379256965944275,
  "Command Model Laika": 0.0029218266253869967,
  "Commander Lorina": 0.0027863777089783283,
  "Lethe": 0.0027476780185758513,
  "Seaside Bellona": 0.002728328173374613,
  "Kayron": 0.002728328173374613,
  "Albedo": 0.0025928792569659444,
  "Zahhak": 0.0025348297213622292,
  "Lilibet": 0.002476780185758514,
  "Sealed Eye Surin": 0.0024574303405572756,
  "Researcher Carrot": 0.002418730650154799,
  "Peira": 0.002360681114551084,
  "Yufine": 0.0023413312693498453,
  "Closer Charles": 0.0022639318885448916,
  "Milim": 0.002244582043343653,
  "Beehoo": 0.0021284829721362228,
  "Krau": 0.002089783281733746,
  "Alencia": 0.0020704334365325076,
  "Inferno Khawazu": 0.0020510835913312695,
  "Summer Break Charlotte": 0.002031733746130031,
  "Fenne": 0.0019156346749226007,
  "Aria": 0.0017995356037151702,
  "Assassin Cartuja": 0.0017608359133126936,
  "Sharun": 0.0017221362229102167,
  "Last Piece Karin": 0.001644736842105263,
  "Benimaru": 0.0015673374613003096,
  "Dark Corvus": 0.0015092879256965945,
  "Astromancer Elena": 0.0015092879256965945,
  "Eda": 0.0012577399380804953,
  "Melissa": 0.001238390092879257,
  "Shadow Knight Pyllis": 0.0011996904024767802,
  "Surin": 0.001141640866873065,
  "Robin": 0.0011222910216718265,
  "Stark": 0.00108359133126935,
  "Fairytale Tenebria": 0.0010642414860681114,
  "Hasol": 0.000986842105263158,
  "Wandering Prince Cidd": 0.0009674922600619195,
  "Assassin Cidd": 0.0008900928792569659,
  "Immortal Wukong": 0.0008126934984520124,
  "Benevolent Romann": 0.0007739938080495357,
  "Senya": 0.0006578947368421052,
  "Violet": 0.0006385448916408668,
  "Troublemaker Crozet": 0.0006385448916408668,
  "General Purrgis": 0.0006191950464396285,
  "Tempest Surin": 0.0006191950464396285,
  "Taeyou": 0.0006191950464396285,
  "Shalltear": 0.0005998452012383901,
  "Aramintha": 0.0005804953560371517,
  "Pavel": 0.0005804953560371517,
  "Celeste": 0.0005611455108359133,
  "Kawerik": 0.0005611455108359133,
  "Ravi": 0.0005030959752321981,
  "Choux": 0.0005030959752321981,
  "Rem": 0.00044504643962848297,
  "Ludwig": 0.0003869969040247678,
  "Roy Mustang": 0.0003869969040247678,
  "Armin": 0.0003869969040247678,
  "Brieg": 0.0003289473684210526,
  "Emilia": 0.0003289473684210526,
  "Flan": 0.00030959752321981426,
  "Charles": 0.00029024767801857584,
  "Vigilante Leader Glenn": 0.00025154798761609906,
  "ae-WINTER": 0.00023219814241486067,
  "Peacemaker Furious": 0.00023219814241486067,
  "Auxiliary Lots": 0.0002128482972136223,
  "Shuna": 0.0002128482972136223,
  "Orte": 0.0001934984520123839,
  "Fenris": 0.0001934984520123839,
  "Christy": 0.0001934984520123839,
  "Champion Zerato": 0.00017414860681114552,
  "Challenger Dominiel": 0.00017414860681114552,
  "Arunka": 0.00015479876160990713,
  "Ram": 0.00015479876160990713,
  "Luna": 0.00015479876160990713,